Date,Commercial Long,Commercial Short,Commercial Index
1990-01-15,1462.0,529.0,78.74967841523025
1990-01-31,2626.0,522.0,100.0
1990-02-15,2458.0,481.0,96.99905482041588
1990-03-15,2469.0,725.0,91.49338374291115
1990-03-30,1748.0,0.0,91.58790170132325
1990-04-30,1296.0,544.0,61.73223889046137
1990-05-15,1411.0,544.0,64.98726294933485
1990-07-13,117.0,1688.0,0.0
1990-08-15,767.0,1398.0,25.578231292517007
1990-08-31,1022.0,2177.0,11.319727891156463
1990-09-14,1398.0,2386.0,15.863945578231293
1990-10-15,864.0,842.0,43.3469387755102
1990-11-15,905.0,1084.0,37.87755102040816
1990-11-30,2290.0,1282.0,70.17687074829932
1990-12-14,2455.0,1585.0,66.421768707483
1991-01-15,1078.0,1063.0,43.156462585034014
1991-02-15,640.0,1089.0,30.53061224489796
1991-06-14,1190.0,1060.0,46.285714285714285
1992-04-15,1523.0,1969.0,30.612244897959183
1992-04-30,1523.0,1474.0,44.08163265306123
1992-05-15,1331.0,1197.0,46.394557823129254
1992-05-29,1330.0,1567.0,36.29931972789116
1992-06-15,1502.0,1575.0,40.76190476190476
1992-08-14,2711.0,0.0,100.0
1992-08-31,2773.0,10.0,100.0
1992-09-15,4252.0,3322.0,57.706506691278264
1992-09-30,2361.0,1207.0,62.87494231656668
1992-10-06,2363.0,1234.0,62.29810798338717
1992-10-13,2363.0,1412.0,58.19104753114905
1992-10-20,2363.0,1315.0,60.42916474388556
1992-10-27,2637.0,971.0,74.68850946008307
1992-11-03,3267.0,112.0,100.0
1992-11-10,3221.0,122.0,98.81506559458316
1992-11-17,3357.0,122.0,100.0
1992-11-24,3251.0,122.0,97.58542141230069
1992-12-01,3291.0,389.0,92.11461046649302
1992-12-08,2677.0,1026.0,57.00325732899023
1992-12-15,3284.0,1405.0,63.192182410423456
1992-12-22,1680.0,0.0,57.79044516829533
1992-12-29,1656.0,0.0,57.13897937024973
1993-01-05,3631.0,5.0,100.0
1993-01-12,3811.0,0.0,100.0
1993-01-19,4019.0,0.0,100.0
1993-01-26,3924.0,0.0,97.87234042553192
1993-02-02,3468.0,361.0,78.57142857142857
1993-02-09,3188.0,366.0,71.875
1993-02-16,2499.0,428.0,54.22932330827068
1993-02-23,1740.0,2002.0,0.0
1993-03-02,1650.0,3610.0,0.0
1993-03-09,1650.0,3422.0,3.1443385181468475
1993-03-16,2323.0,5135.0,0.0
1993-03-23,319.0,2804.0,4.787000439174352
1993-03-30,309.0,2659.0,6.763285024154589
1993-04-06,502.0,938.0,34.78260869565217
1993-04-13,239.0,1122.0,28.2389108476065
1993-04-20,0.0,2044.0,11.24286341677646
1993-04-27,379.0,2448.0,10.876884789928269
1993-05-04,788.0,1667.0,28.29746742790221
1993-05-11,2286.0,2477.0,38.36919923876446
1993-05-18,2939.0,2478.0,47.91392182696531
1993-05-25,2946.0,2057.0,54.17947591860635
1993-06-01,3461.0,2151.0,60.342555994729906
1993-06-08,5022.0,3529.0,63.02151954325868
1993-06-15,5167.0,3437.0,66.49099692577954
1993-06-22,2655.0,1225.0,62.09925340360123
1993-06-29,2926.0,1105.0,67.82315912750695
1993-07-06,2730.0,885.0,68.17449860928122
1993-07-13,2705.0,1212.0,63.02151954325868
1993-07-20,2625.0,1118.0,64.11817102137768
1993-07-27,2523.0,1100.0,71.54924818381484
1993-08-03,2367.0,2843.0,41.462548810791624
1993-08-10,1501.0,2511.0,36.90354290395249
1993-08-17,1492.0,2609.0,36.396821988404554
1993-08-24,1891.0,1754.0,63.324028344427745
1993-08-31,1718.0,1713.0,60.48958557010951
1993-09-07,5730.0,2027.0,100.0
1993-09-14,6629.0,1352.0,100.0
1993-09-21,4288.0,386.0,81.97194178576112
1993-09-28,3990.0,0.0,82.48026136673019
1993-10-05,4137.0,43.0,83.89599782194391
1993-10-12,2807.0,425.0,60.59079771304111
1993-10-19,2019.0,799.0,44.77266539613395
1993-10-26,2019.0,1052.0,32.59305598999062
1993-11-02,2044.0,1990.0,18.314044416640602
1993-11-09,2044.0,3175.0,0.0
1993-11-16,2064.0,1515.0,26.217228464419474
1993-11-23,2025.0,1453.0,26.576154806491886
1993-11-30,2025.0,1228.0,30.087390761548065
1993-12-07,2105.0,1948.0,20.09987515605493
1993-12-14,2075.0,2488.0,11.204744069912609
1993-12-21,324.0,3747.0,0.0
1993-12-28,324.0,4161.0,0.0
1994-01-04,324.0,5106.0,0.0
1994-01-11,324.0,5454.0,0.0
1994-01-18,324.0,6075.0,0.0
1994-01-25,324.0,7570.0,0.0
1994-02-01,324.0,6454.0,8.911602651121935
1994-02-08,324.0,6368.0,9.598339056136709
1994-02-15,324.0,4908.0,21.256887327317735
1994-02-22,324.0,5226.0,18.717559690170088
1994-03-01,324.0,5639.0,15.419627884692167
1994-03-08,1404.0,4588.0,32.436317176395434
1994-03-15,386.0,3238.0,38.74779541446208
1994-03-22,494.0,2907.0,42.61904761904762
1994-03-29,723.0,1579.0,56.34920634920635
1994-04-05,1255.0,1089.0,76.98379725799751
1994-04-12,561.0,4334.0,41.022915190172455
1994-04-19,591.0,4370.0,42.21356386216973
1994-04-26,990.0,4386.0,47.86771105308964
1994-05-03,990.0,3562.0,58.11264453562104
1994-05-10,1324.0,3844.0,58.7591694641303
1994-05-17,1324.0,5409.0,39.30125575034191
1994-05-24,713.0,6716.0,15.454432425711799
1994-05-31,727.0,6629.0,18.132757690232054
1994-06-07,1564.0,7157.0,22.301672962763085
1994-06-14,2636.0,9038.0,11.386940097139773
1994-06-21,411.0,6470.0,16.01457096600108
1994-06-28,2639.0,3154.0,90.81219643820832
1994-07-05,2738.0,3049.0,93.56449001618996
1994-07-12,2325.0,3603.0,80.51807879114949
1994-07-19,2330.0,3942.0,76.01187263896384
1994-07-26,2072.0,5788.0,40.8952496954933
1994-08-02,2743.0,5506.0,55.404993909866015
1994-08-09,1776.0,6811.0,20.81303288672351
1994-08-16,1751.0,6704.0,22.06151035322777
1994-08-23,3218.0,5213.0,67.09805115712545
1994-08-30,1708.0,5976.0,32.49086479902558
1994-09-06,1721.0,5954.0,33.023751522533495
1994-09-13,4610.0,7749.0,49.68026796589525
1994-09-20,1145.0,4151.0,51.705237515225335
1994-09-27,1565.0,3371.0,69.97563946406821
1994-10-04,1555.0,3825.0,67.83779346576917
1994-10-11,2171.0,3313.0,86.35692004596946
1994-10-18,2450.0,3399.0,89.52552946970941
1994-10-25,6215.0,3216.0,100.0
1994-11-01,2033.0,3683.0,50.54781406233379
1994-11-08,500.0,9412.0,0.0
1994-11-15,758.0,10667.0,0.0
1994-11-22,758.0,12170.0,0.0
1994-11-29,740.0,10172.0,13.73950454513913
1994-12-06,968.0,10604.0,12.32391922836722
1994-12-13,7823.0,17614.0,11.248351953368955
1994-12-20,632.0,12840.0,0.0
1994-12-27,612.0,12743.0,0.5063457618202144
1995-01-03,958.0,11846.0,8.680213059775104
1995-01-10,2911.0,11130.0,26.231340829880978
1995-01-17,7587.0,10737.0,59.564674163214306
1995-01-24,7025.0,10496.0,57.45380416913264
1995-01-31,8347.0,10939.0,63.234036956664696
1995-02-07,10914.0,7689.0,100.0
1995-02-14,10646.0,7081.0,100.0
1995-02-21,12226.0,7028.0,100.0
1995-02-28,11998.0,7112.0,98.20751465012064
1995-03-07,15356.0,10409.0,98.55796851660347
1995-03-14,6329.0,2824.0,90.27346891876364
1995-03-21,7774.0,1914.0,100.0
1995-03-28,8007.0,1775.0,100.0
1995-04-04,7094.0,2509.0,91.06832971800434
1995-04-11,7163.0,3576.0,85.65618221258134
1995-04-18,6824.0,3763.0,82.80368763557483
1995-04-25,6997.0,2831.0,88.79609544468546
1995-05-02,7035.0,3224.0,86.8709327548807
1995-05-09,6975.0,5132.0,76.19848156182212
1995-05-16,6979.0,5141.0,76.17136659436008
1995-05-23,7241.0,4057.0,83.470715835141
1995-05-30,7450.0,3995.0,84.94034707158352
1995-06-06,8120.0,4413.0,86.30694143167028
1995-06-13,7709.0,4428.0,83.99674620390455
1995-06-20,4417.0,2529.0,76.34373468387518
1995-06-27,5526.0,3165.0,77.38901869158879
1995-07-03,6555.0,3350.0,79.05335270915508
1995-07-11,6260.0,2960.0,69.78254148201587
1995-07-18,4320.0,6341.0,14.943831804596517
1995-07-25,4270.0,7691.0,0.0
1995-08-01,4203.0,8378.0,0.0
1995-08-08,3854.0,10545.0,0.0
1995-08-15,2710.0,9134.0,2.0660837266888494
1995-08-22,4347.0,7781.0,25.203126209084576
1995-08-29,4069.0,11111.0,0.0
1995-09-05,3344.0,11590.0,0.0
1995-09-12,9896.0,19016.0,0.0
1995-09-19,493.0,11978.0,0.0
1995-09-26,3061.0,9184.0,33.36652146857499
1995-10-03,2355.0,9650.0,26.771452303367198
1995-10-10,2178.0,9277.0,28.023768449300363
1995-10-17,2289.0,8916.0,31.03955018848636
1995-10-24,3534.0,7558.0,48.77745815899581
1995-10-31,3555.0,7774.0,47.82780410742496
1995-11-07,4704.0,8830.0,48.43996840442338
1995-11-14,8631.0,7640.0,82.12216956292785
1995-11-21,8948.0,7241.0,86.83517640863613
1995-11-28,9735.0,8216.0,85.59768299104792
1995-12-05,9170.0,8247.0,83.92289482583699
1995-12-12,9818.0,8939.0,83.62529590801488
1995-12-19,2744.0,1348.0,87.12208319242475
1995-12-26,2810.0,1414.0,87.12208319242475
1996-01-02,2729.0,3395.0,73.17551572539736
1996-01-09,2998.0,4473.0,75.87932080048515
1996-01-16,3469.0,4520.0,79.09338993329291
1996-01-23,5042.0,2327.0,100.0
1996-01-30,5376.0,3433.0,94.56338028169014
1996-02-06,2502.0,9278.0,33.16197183098591
1996-02-13,2579.0,8360.0,40.16901408450704
1996-02-20,2562.0,8300.0,40.471830985915496
1996-02-27,2940.0,9964.0,31.41549295774648
1996-03-05,2779.0,10485.0,26.612676056338028
1996-03-12,8022.0,17148.0,16.612676056338028
1996-03-19,320.0,9996.0,0.0
1996-03-26,320.0,10618.0,0.0
1996-04-02,631.0,12528.0,0.0
1996-04-09,1121.0,11186.0,12.537640295647414
1996-04-16,1321.0,10063.0,21.591842321379687
1996-04-23,1125.0,9333.0,25.246372844237612
1996-04-30,1163.0,9480.0,24.500410621407063
1996-05-07,1198.0,10688.0,16.47276211333151
1996-05-14,809.0,11219.0,10.176567205036957
1996-05-21,409.0,9970.0,15.986860114973995
1996-05-28,409.0,9527.0,19.018614837120175
1996-06-04,409.0,8689.0,24.753627155762388
1996-06-11,2937.0,8054.0,46.400218998083766
1996-06-18,1332.0,5794.0,50.88283602518478
1996-06-25,1781.0,6410.0,49.73993977552696
1996-07-02,5604.0,5794.0,80.11908020804817
1996-07-09,4597.0,5868.0,72.72105119080209
1996-07-16,3942.0,6745.0,62.23651793046811
1996-07-23,4676.0,6508.0,72.72398843930635
1996-07-30,7863.0,5777.0,100.0
1996-08-06,10028.0,5504.0,100.0
1996-08-13,10261.0,5504.0,100.0
1996-08-20,8382.0,7543.0,76.4741203314519
1996-08-27,6356.0,7623.0,63.828509667347184
1996-09-03,5869.0,7941.0,58.99483607541732
1996-09-10,6060.0,14182.0,22.66722709259037
1996-09-17,3660.0,8086.0,44.86009367119011
1996-09-24,5528.0,6911.0,63.131980305031824
1996-10-01,6232.0,6633.0,65.9919562207424
1996-10-08,5441.0,6714.0,60.24263203006527
1996-10-15,4875.0,6119.0,60.433836618975405
1996-10-22,4099.0,7841.0,43.96386892595767
1996-10-29,5876.0,7457.0,58.21190743060592
1996-11-05,6451.0,6495.0,68.34575064284302
1996-11-12,8170.0,5766.0,83.56614052241933
1996-11-19,7268.0,8045.0,60.115315315315314
1996-11-26,3542.0,15468.0,0.0
1996-12-03,7429.0,12556.0,40.754061020200204
1996-12-10,8247.0,11661.0,51.0219984415273
1996-12-17,4450.0,7235.0,54.79230354252832
1996-12-24,4800.0,7075.0,57.84930767847509
1996-12-31,4883.0,6901.0,59.389797997962
1997-01-07,5705.0,6139.0,68.88449319666726
1997-01-14,10702.0,4800.0,100.0
1997-01-21,10982.0,4674.0,100.0
1997-01-28,11909.0,5132.0,100.0
1997-02-04,13271.0,5057.0,100.0
1997-02-11,14690.0,5132.0,100.0
1997-02-18,14485.0,5751.0,96.16458760007447
1997-02-25,12499.0,7845.0,77.1737106684044
1997-03-04,8960.0,9020.0,55.231800409607146
1997-03-11,10925.0,11247.0,54.012288214485196
1997-03-18,5534.0,9763.0,35.826661701731524
1997-03-25,6051.0,9124.0,41.20741016570471
1997-04-01,6628.0,9605.0,41.65425432880283
1997-04-08,7764.0,6569.0,61.073356916775275
1997-04-15,8613.0,6331.0,66.13293613852169
1997-04-22,9892.0,7575.0,66.29584807298454
1997-04-29,10013.0,7439.0,67.49208713461181
1997-05-06,9485.0,8515.0,60.02606590951406
1997-05-13,9166.0,6987.0,65.653509588531
1997-05-20,9483.0,7676.0,63.92198845652579
1997-05-27,12893.0,5560.0,84.84848484848484
1997-06-03,14122.0,5342.0,94.35700297381591
1997-06-10,15898.0,7394.0,92.35511713933415
1997-06-17,14778.0,2179.0,100.0
1997-06-24,14622.0,2685.0,96.06608034228667
1997-07-01,14959.0,2827.0,97.22486332303303
1997-07-08,15329.0,2545.0,100.0
1997-07-15,16499.0,2379.0,100.0
1997-07-22,17437.0,3906.0,96.790015804676
1997-07-29,14645.0,4017.0,80.96899013570221
1997-08-05,13220.0,4517.0,70.47795520191836
1997-08-12,14352.0,5469.0,71.45893509183061
1997-08-19,14686.0,5299.0,74.20567878358494
1997-08-26,14088.0,8727.0,52.264428579214126
1997-09-02,14823.0,7337.0,63.84544116845605
1997-09-09,20462.0,10169.0,79.14327756280996
1997-09-16,15285.0,2922.0,89.7807247135462
1997-09-23,16346.0,3356.0,93.39065333099374
1997-09-30,16810.0,3352.0,94.9657794676806
1997-10-07,16041.0,3923.0,84.77566539923954
1997-10-14,13723.0,5503.0,55.133079847908746
1997-10-21,14041.0,6417.0,50.60076045627376
1997-10-28,18958.0,4960.0,99.07224334600761
1997-11-04,18348.0,5000.0,93.73020384958987
1997-11-11,17988.0,5240.0,88.85730528709495
1997-11-18,17674.0,4842.0,85.29512501427104
1997-11-25,17445.0,5408.0,76.21874643224112
1997-12-02,17244.0,5830.0,69.1060623358831
1997-12-09,21772.0,10935.0,62.51855234615824
1997-12-16,14613.0,1154.0,92.45347642424935
1997-12-19,13319.0,1154.0,77.68010046808996
1997-12-23,13860.0,1454.0,80.43155611371161
1997-12-30,13761.0,1153.0,82.73775545153556
1998-01-06,15034.0,1582.0,93.67836054185481
1998-01-13,15435.0,1436.0,100.0
1998-01-20,12640.0,4064.0,37.21926371845335
1998-01-27,11489.0,5424.0,8.150034730261634
1998-02-03,10855.0,9833.0,0.0
1998-02-10,10720.0,9459.0,1.8417199660938584
1998-02-17,12876.0,10545.0,10.087077136472221
1998-02-24,12725.0,10653.0,8.091238344763813
1998-03-03,16757.0,14403.0,10.264313785928952
1998-03-10,17445.0,15261.0,8.954303768205286
1998-03-17,8424.0,5263.0,16.483008399475995
1998-03-24,8562.0,5467.0,15.974416274947984
1998-03-31,9039.0,5720.0,17.700547121830933
1998-04-07,9731.0,5613.0,23.857594205132155
1998-04-14,13281.0,4317.0,61.20058565153734
1998-04-21,14610.0,3807.0,75.3718116667951
1998-04-28,14375.0,3118.0,78.87030900824536
1998-05-05,16003.0,4975.0,77.10564845495877
1998-05-12,17700.0,5515.0,86.02142251676042
1998-05-19,18588.0,5479.0,93.14171226015257
1998-05-26,19299.0,6740.0,88.90344455575249
1998-06-02,19342.0,7033.0,86.97695923557062
1998-06-09,24341.0,12646.0,82.24551128920398
1998-06-16,23880.0,9669.0,100.0
1998-06-23,23119.0,12611.0,71.9235726741982
1998-06-30,21839.0,13204.0,57.722344377890664
1998-07-07,20892.0,13337.0,49.53370232769733
1998-07-14,20079.0,14077.0,37.75873834255819
1998-07-21,19852.0,17585.0,9.439684585639547
1998-07-28,21598.0,17801.0,21.04026082341345
1998-08-04,21966.0,17044.0,28.27027027027027
1998-08-11,22000.0,16087.0,31.641815635554824
1998-08-18,21511.0,15256.0,34.45918115165994
1998-08-25,25331.0,13922.0,76.702419555999
1998-09-01,28113.0,14024.0,98.98561569801281
1998-09-08,31026.0,17899.0,90.92431346282652
1998-09-15,19810.0,9893.0,64.0488948425988
1998-09-22,20411.0,10305.0,65.63127930341594
1998-09-29,20341.0,12915.0,43.193235097119896
1998-10-06,20569.0,13650.0,38.948425987943736
1998-10-13,13563.0,13955.0,0.0
1998-10-20,12768.0,17684.0,0.0
1998-10-27,12881.0,17824.0,0.0
1998-11-03,12408.0,17543.0,0.0
1998-11-10,12232.0,18115.0,0.0
1998-11-17,12223.0,20041.0,0.0
1998-11-24,12269.0,21447.0,0.0
1998-12-01,12849.0,20319.0,7.302578135020736
1998-12-08,20939.0,24626.0,23.47684809098294
1998-12-15,11761.0,11484.0,40.63695362530623
1998-12-22,12200.0,11141.0,43.9979369923067
1998-12-29,14285.0,11460.0,51.58808613057119
1999-01-05,13691.0,11251.0,49.9333820432372
1999-01-12,12364.0,16259.0,22.705978424377875
1999-01-19,13239.0,16797.0,24.154381742381915
1999-01-26,13016.0,16888.0,22.804830876348475
1999-02-02,14546.0,17862.0,25.194481454420423
1999-02-09,13227.0,26496.0,0.0
1999-02-16,13280.0,24883.0,6.0896264346808975
1999-02-23,13313.0,25407.0,4.294904598289349
1999-03-02,17886.0,18977.0,46.135778148204274
1999-03-09,17883.0,20719.0,44.6331550802139
1999-03-16,9572.0,13796.0,38.6951871657754
1999-03-23,10107.0,16167.0,34.83450108721914
1999-03-30,10313.0,13496.0,49.96037249851397
1999-04-06,10397.0,16683.0,43.388840561700015
1999-04-13,10373.0,14043.0,59.643345346091714
1999-04-20,11020.0,24343.0,0.0
1999-04-27,10196.0,34670.0,0.0
1999-05-04,12310.0,39794.0,0.0
1999-05-11,13013.0,42929.0,0.0
1999-05-18,13163.0,41445.0,4.990684462905837
1999-05-25,11995.0,33713.0,25.03894199932806
1999-06-01,12784.0,24291.0,56.22613848080388
1999-06-08,18142.0,27712.0,62.142268104211844
1999-06-15,10701.0,23559.0,52.09981368925812
1999-06-22,11067.0,22430.0,56.66595400262668
1999-06-29,11304.0,23286.0,55.42712325380146
1999-07-06,12133.0,28457.0,47.15351257588898
1999-07-13,12106.0,30566.0,39.74327840416305
1999-07-20,16847.0,20291.0,91.83694709453599
1999-07-27,18071.0,17564.0,100.0
1999-08-03,17425.0,18241.0,95.65131643822109
1999-08-10,18001.0,18053.0,98.16257436807679
1999-08-17,18775.0,17727.0,100.0
1999-08-24,26781.0,13693.0,100.0
1999-08-31,27489.0,13633.0,100.0
1999-09-07,27805.0,16263.0,94.71351548935392
1999-09-14,11839.0,11397.0,69.35483870967742
1999-09-21,11956.0,9113.0,74.84008041670474
1999-09-28,10831.0,13246.0,62.82783514575528
1999-10-05,10091.0,19165.0,47.61491364342502
1999-10-12,10478.0,19656.0,47.37731883395778
1999-10-19,11954.0,13399.0,65.04386365713242
1999-10-26,11838.0,15172.0,60.72831947363611
1999-11-02,15502.0,11941.0,76.48039842821895
1999-11-09,17399.0,12585.0,78.54193364658978
1999-11-16,15524.0,12978.0,68.2071175577669
1999-11-23,17502.0,12072.0,73.92622849362544
1999-11-30,21662.0,12691.0,84.88364896645625
1999-12-07,22731.0,11212.0,92.76828815447456
1999-12-14,15828.0,4516.0,92.12773858150761
1999-12-21,13632.0,8073.0,74.32541156083674
1999-12-28,13121.0,8656.0,70.9400915954945
2000-01-04,9684.0,23112.0,15.571234063621736
2000-01-11,9934.0,27303.0,0.0
2000-01-18,9908.0,37993.0,0.0
2000-01-25,10421.0,35061.0,8.21391955365871
2000-02-01,25151.0,20508.0,78.03342791063638
2000-02-08,25312.0,20787.0,77.75208030328318
2000-02-15,26010.0,18444.0,85.00274194702081
2000-02-22,25934.0,17683.0,86.63598865072363
2000-02-29,27479.0,17067.0,97.14840891311479
2000-03-07,29527.0,17971.0,100.0
2000-03-14,15848.0,4209.0,100.0
2000-03-21,16483.0,4561.0,100.0
2000-03-28,16838.0,5396.0,98.80020996325644
2000-04-04,16572.0,4896.0,99.38510760616892
2000-04-11,17432.0,5424.0,100.0
2000-04-18,19023.0,4546.0,100.0
2000-04-25,19703.0,5501.0,99.35388374606457
2000-05-02,20128.0,5328.0,100.0
2000-05-09,18542.0,5934.0,94.8886557071237
2000-05-16,17423.0,4125.0,96.49760988690684
2000-05-23,18103.0,3977.0,98.42835490264662
2000-05-30,16761.0,4389.0,94.33834674128484
2000-06-06,19016.0,6679.0,94.25673312346974
2000-06-13,21157.0,11807.0,87.29159379736505
2000-08-29,12070.0,7885.0,75.24775562551008
2000-09-05,13563.0,10705.0,72.15343360149237
2000-09-12,20925.0,15102.0,79.06727293925616
2000-09-26,13051.0,6949.0,79.71785006412499
2000-10-03,13159.0,6785.0,78.63590263691684
2000-10-10,13710.0,7154.0,30.966337296935187
2000-10-17,13829.0,7014.0,33.13515324066321
2000-10-24,13229.0,7575.0,23.413163624183554
2000-10-31,13553.0,7461.0,27.080890973036343
2000-11-07,13170.0,8056.0,18.891307988611622
2000-11-14,12979.0,8252.0,15.650644783118405
2000-11-21,14643.0,8538.0,27.18975046055937
2000-11-28,13914.0,9037.0,16.9067157929995
2000-12-05,15304.0,16901.0,0.0
2000-12-12,16512.0,18129.0,0.0
2001-01-02,8468.0,15673.0,0.0
2001-01-09,9297.0,20070.0,0.0
2001-01-16,9975.0,20345.0,1.5758808117936887
2001-01-23,9988.0,19583.0,4.606420834473859
2001-01-30,8828.0,17815.0,7.172978834491345
2001-02-06,9645.0,16811.0,14.486525563275633
2001-02-13,11677.0,15435.0,28.173822241857103
2001-02-20,15505.0,15245.0,47.669042989846616
2001-02-27,15881.0,15036.0,50.27260926006058
2001-03-06,24058.0,21581.0,65.84505292451423
2001-03-13,27547.0,23354.0,85.09210825562884
2001-03-20,13729.0,7612.0,96.0313850352513
2001-03-27,13415.0,7620.0,94.20059131225835
2001-04-03,14173.0,7750.0,97.7712076415738
2001-04-10,14941.0,8194.0,99.61337275415056
2001-04-17,14663.0,9629.0,89.87377757561974
2001-04-24,13917.0,13262.0,64.976120081874
2001-05-01,14578.0,13421.0,68.09360730593608
2001-05-08,13458.0,12654.0,66.07876712328768
2001-05-15,15025.0,13366.0,70.95890410958904
2001-05-22,14602.0,16527.0,50.50228310502283
2001-05-29,15593.0,15917.0,59.64041095890411
2001-06-05,15476.0,14392.0,67.6769406392694
2001-06-12,16229.0,16176.0,61.79223744292238
2001-07-03,9302.0,8245.0,67.5228310502283
2001-07-10,7645.0,7895.0,60.06278538812786
2001-07-17,10397.0,7848.0,76.03881278538813
2001-07-24,10509.0,8157.0,74.32377168896419
2001-07-31,10503.0,7644.0,76.20854240607025
2001-08-07,8304.0,10537.0,42.926147197152666
2001-08-14,11612.0,15456.0,23.87694961546755
2001-08-21,9380.0,22852.0,0.0
2001-08-28,5430.0,18783.0,0.5885553192541668
2001-09-04,5252.0,19999.0,0.0
2001-09-10,7234.0,18961.0,14.050432678887132
2001-09-18,9122.0,9057.0,68.91225458267424
2001-09-25,8900.0,9418.0,66.19986973108774
2001-10-02,9657.0,8859.0,72.32250860705314
2001-10-09,11672.0,8193.0,84.79575695542943
2001-10-16,10104.0,9989.0,69.1448776402717
2001-10-23,10088.0,10160.0,74.1873514989131
2001-10-30,10365.0,11084.0,76.9669702622627
2001-11-06,9800.0,11496.0,71.6064962141995
2001-11-13,10151.0,14530.0,56.88576758476901
2001-11-20,7725.0,16256.0,34.10512454734994
2001-11-27,7241.0,16338.0,30.999670799956107
2001-12-04,7075.0,15255.0,36.03094480412597
2001-12-11,7002.0,14246.0,41.166465488862066
2002-01-29,9005.0,15628.0,44.573685943158125
2002-02-05,9389.0,13091.0,60.600241413365524
2002-02-12,12939.0,12173.0,85.11467134862285
2002-02-26,10429.0,14971.0,55.991440798858775
2002-03-12,13611.0,31210.0,0.0
2002-03-19,8046.0,27784.0,0.0
2002-03-26,8916.0,36199.0,0.0
2002-04-02,7648.0,38293.0,0.0
2002-04-09,8594.0,48195.0,0.0
2002-04-16,8964.0,43351.0,12.103064066852367
2002-04-23,8662.0,45251.0,6.991643454038997
2002-04-30,9329.0,43473.0,12.667130919220055
2002-05-07,9497.0,42345.0,15.675487465181059
2002-05-14,9744.0,38721.0,24.661095636025998
2002-05-21,9352.0,34595.0,33.32869080779944
2002-05-28,9191.0,37092.0,27.158774373259053
2002-06-04,10638.0,40718.0,23.586097554933485
2002-06-11,15451.0,43059.0,29.709911561423937
2002-06-18,6218.0,30826.0,37.141724676096814
2002-06-25,6024.0,29834.0,39.1185869645998
2002-07-02,8033.0,29335.0,45.33158272846632
2002-07-09,8253.0,29407.0,45.69821884212352
2002-07-16,7899.0,26050.0,53.137463769911065
2002-07-23,10417.0,21199.0,71.39247405058588
2002-08-06,10820.0,20040.0,75.26197141229221
2002-08-13,10427.0,17950.0,79.46590036415884
2002-08-20,9795.0,17332.0,79.43121856962371
2002-08-27,9715.0,18401.0,76.584834146704
2002-09-03,10129.0,20858.0,82.3526056076899
2002-09-10,11899.0,22804.0,89.45694868757404
2002-10-01,3843.0,15316.0,87.6862647297213
2002-10-08,3208.0,21684.0,65.85510318598416
2002-10-15,3211.0,21450.0,66.59392730220088
2002-10-22,3227.0,30406.0,38.72435937402581
2002-10-29,2837.0,33286.0,21.124337714167755
2002-11-05,3335.0,38949.0,3.3544347347416226
2002-11-12,2817.0,39799.0,0.0
2002-11-19,1957.0,37248.0,5.740181268882175
2002-11-26,2551.0,36754.0,9.433449879493534
2002-12-03,3291.0,33838.0,21.843918666621406
2002-12-10,9389.0,38449.0,26.891612071013952
2002-12-17,2298.0,34445.0,16.41264129807529
2002-12-23,3498.0,32309.0,27.73685461149394
2002-12-31,3988.0,30973.0,33.9352999083472
2003-01-07,2789.0,39931.0,0.0
2003-01-14,2862.0,41752.0,0.0
2003-01-21,2892.0,41224.0,1.778939649950585
2003-01-28,3285.0,41544.0,2.011668313833009
2003-02-04,3169.0,44181.0,0.0
2003-02-11,3824.0,41679.0,9.426976021977366
2003-02-18,4250.0,42130.0,9.352324643912926
2003-02-25,5010.0,42176.0,11.489171023151606
2003-03-04,4266.0,41830.0,10.666336694920497
2003-03-11,7217.0,44255.0,13.122874219859327
2003-03-18,4320.0,30913.0,47.89251669047066
2003-03-25,5679.0,28459.0,61.7217915298419
2003-04-01,5764.0,28333.0,80.98625565362491
2003-04-08,3743.0,25101.0,86.30395643964344
2003-04-15,2989.0,29732.0,72.60099725246769
2003-04-22,3435.0,35334.0,46.36715172483973
2003-04-29,3289.0,36640.0,38.97934262745497
2003-05-06,2635.0,35338.0,42.27638139818866
2003-05-13,3133.0,34994.0,46.56049659102473
2003-05-20,3029.0,33717.0,52.528747328788036
2003-05-27,3478.0,31387.0,66.66836267426478
2003-06-03,4114.0,34246.0,55.35768800244225
2003-06-10,6066.0,35581.0,58.496998066551335
2003-06-17,1294.0,31581.0,54.56904446931922
2003-06-24,2236.0,31973.0,57.36745700620739
2003-07-01,2571.0,33200.0,52.828940673654216
2003-07-08,1430.0,30102.0,62.78620128218174
2003-07-15,2382.0,27609.0,80.31443980869034
2003-07-22,3697.0,27489.0,87.61575251857128
2003-07-29,4414.0,31551.0,70.5963162714969
2003-08-05,3907.0,27531.0,86.2849533954727
2003-08-12,5022.0,27693.0,92.05302021547028
2003-08-19,5463.0,28229.0,91.31185980501049
2003-08-26,6606.0,25193.0,100.0
2003-09-02,9609.0,22173.0,100.0
2003-09-09,12831.0,26532.0,94.53023524318084
2003-09-16,6538.0,29862.0,48.23687881849233
2003-09-23,7675.0,34956.0,29.200942897002935
2003-09-30,6306.0,35347.0,20.734112666570454
2003-10-07,6727.0,42386.0,0.0
2003-10-14,6037.0,42977.0,0.0
2003-10-21,5163.0,46005.0,0.0
2003-10-28,5865.0,46904.0,0.0
2003-11-04,5800.0,49473.0,0.0
2003-11-11,7750.0,49914.0,4.8506862965701245
2003-11-18,7758.0,52601.0,0.0
2003-11-25,8002.0,52671.0,0.539050156448465
2003-12-02,7971.0,53993.0,0.0
2003-12-09,15657.0,60728.0,2.842369537928149
2003-12-16,4811.0,47943.0,8.637695020622871
2003-12-22,4806.0,49578.0,3.736027258054875
2003-12-30,6256.0,50982.0,3.8735130611512942
2004-01-06,7835.0,51471.0,7.1313288301751445
2004-01-13,7872.0,52353.0,4.60577440373005
2004-01-20,7121.0,49701.0,10.287524657779903
2004-01-27,7803.0,51196.0,7.857612529141012
2004-02-03,6665.0,41419.0,33.67804411500986
2004-02-10,6783.0,47709.0,15.231035925638114
2004-02-17,9207.0,54525.0,2.1041305517365054
2004-02-24,12008.0,48364.0,28.889951581086734
2004-03-02,12491.0,42100.0,50.78122582840877
2004-03-09,18743.0,42451.0,98.30822098863337
2004-03-16,4486.0,20717.0,100.0
2004-03-23,5938.0,21468.0,100.0
2004-03-30,7144.0,23046.0,98.78000787091696
2004-04-06,6617.0,30354.0,73.084743539289
2004-04-12,8048.0,32503.0,70.73002754820936
2004-04-20,9475.0,21700.0,100.0
2004-04-27,11346.0,22108.0,100.0
2004-05-04,15117.0,21782.0,100.0
2004-05-11,20143.0,20821.0,100.0
2004-05-18,19859.0,21525.0,97.8211009174312
2004-05-25,19877.0,18539.0,100.0
2004-06-01,21602.0,19630.0,100.0
2004-06-08,23855.0,23996.0,95.53182491012899
2004-06-15,6997.0,7737.0,94.26517234087545
2004-06-22,8242.0,8967.0,94.296891520406
2004-06-29,8380.0,10807.0,90.69782194967223
2004-07-06,6653.0,22371.0,62.59251427363079
2004-07-13,6319.0,20799.0,65.21040389088603
2004-07-20,7847.0,25001.0,59.55593148657221
2004-07-27,7771.0,16107.0,78.20257982660182
2004-08-03,7478.0,19064.0,71.33009092831466
2004-08-10,6977.0,20160.0,67.95305561429478
2004-08-17,7487.0,23166.0,53.947505739929035
2004-08-24,8646.0,24076.0,44.897248345524204
2004-08-31,8243.0,19195.0,51.09547054149166
2004-09-07,15336.0,17085.0,85.91970333371174
2004-09-21,4605.0,4910.0,91.38381201044386
2004-09-28,4549.0,18396.0,40.1407651265751
2004-10-05,5610.0,33816.0,0.0
2004-10-12,4430.0,42674.0,0.0
2004-10-19,6105.0,43850.0,1.240799681718719
2004-10-26,4680.0,48572.0,0.0
2004-11-02,5504.0,48988.0,0.8895866038723181
2004-11-09,5386.0,52304.0,0.0
2004-11-16,6775.0,56012.0,0.0
2004-11-23,8675.0,56092.0,3.554062762405046
2004-11-30,10893.0,57270.0,5.584955769493644
2004-12-07,22386.0,71878.0,0.0
2004-12-14,7497.0,47159.0,19.984955374387543
2004-12-21,8956.0,48694.0,19.83044300323256
2004-12-28,8428.0,51620.0,12.808262345741761
2005-01-04,10887.0,55491.0,9.937585134283449
2005-01-11,14661.0,52728.0,23.227682111126924
2005-01-18,15419.0,54133.0,21.912293898794395
2005-01-25,16991.0,59467.0,14.263931526622889
2005-02-01,15927.0,67085.0,0.0
2005-02-08,16625.0,60624.0,14.077832182958725
2005-02-15,15181.0,73102.0,0.0
2005-02-22,14255.0,82272.0,0.0
2005-03-01,16082.0,94838.0,0.0
2005-03-08,38147.0,114073.0,3.6073472613478477
2005-03-15,17468.0,93058.0,4.035640081069713
2005-03-22,18980.0,94366.0,5.19188402224653
2005-03-29,28694.0,69175.0,75.71711177052423
2005-04-05,33001.0,63420.0,100.0
2005-04-12,34721.0,69601.0,90.7710449552103
2005-04-19,38177.0,64396.0,100.0
2005-04-26,32727.0,73094.0,73.07040752231761
2005-05-03,34403.0,74141.0,74.2676589831928
2005-05-10,30980.0,73518.0,68.93808173287397
2005-05-17,42004.0,61736.0,100.0
2005-05-24,44079.0,61188.0,100.0
2005-05-31,49234.0,58473.0,100.0
2005-06-07,51749.0,70369.0,86.50545909633615
2005-06-14,20750.0,44750.0,78.76634492282463
2005-06-21,22351.0,72745.0,40.79865356675346
2005-06-28,23923.0,61343.0,59.46171440079405
2005-07-05,25456.0,40238.0,92.0264108059899
2005-07-12,29218.0,39583.0,98.38025231238402
2005-07-19,32041.0,38703.0,100.0
2005-07-26,22845.0,46424.0,76.53480178655644
2005-08-02,21469.0,48155.0,72.225150497961
2005-08-09,22896.0,61145.0,56.18636779759758
2005-08-16,23777.0,65004.0,52.05564956861875
2005-08-23,26984.0,46249.0,82.5186561988515
2005-08-30,35242.0,49984.0,88.33448833448834
2005-09-06,31242.0,56505.0,73.01386954503249
2005-09-13,32270.0,82812.0,36.15039869623421
2005-09-20,16360.0,72611.0,0.0
2005-09-27,16703.0,54112.0,37.99632983121257
2005-10-04,16799.0,60544.0,25.21930266793039
2005-10-11,21722.0,48964.0,58.49886063441489
2005-10-18,28198.0,43633.0,82.3085764988203
2005-10-25,27250.0,41155.0,85.39393817177196
2005-11-01,31931.0,38432.0,100.0
2005-11-08,36510.0,39067.0,100.0
2005-11-15,43292.0,40805.0,100.0
2005-11-22,46121.0,44046.0,99.29858013551704
2005-11-29,44298.0,48198.0,89.12628962511492
2005-12-06,31614.0,52959.0,59.42660628553917
2005-12-13,34827.0,64988.0,44.417583165923254
2005-12-20,13740.0,25054.0,76.50413701522012
2005-12-27,29658.0,28100.0,98.41840035411488
2006-01-03,25302.0,29085.0,89.32547924682488
2006-01-10,12877.0,39564.0,50.33198270284994
2006-01-17,12878.0,45695.0,39.895808505567096
2006-01-24,13517.0,42780.0,45.946406074432225
2006-01-31,12794.0,54552.0,24.67397596104736
2006-02-07,19114.0,44065.0,53.28747999591406
2006-02-14,25417.0,33199.0,82.5172801253022
2006-02-21,26327.0,31353.0,87.20930232558139
2006-02-28,26143.0,29205.0,90.55296400967006
2006-03-07,36511.0,32067.0,100.0
2006-03-14,15857.0,12127.0,98.82362632836313
2006-03-21,28478.0,9527.0,100.0
2006-03-28,36285.0,14187.0,100.0
2006-04-04,30227.0,16853.0,86.33801052367828
2006-04-11,19038.0,22291.0,60.299736908043094
2006-04-18,17592.0,27800.0,49.40804309696818
2006-04-25,13441.0,24437.0,48.17401653720872
2006-05-02,12098.0,45089.0,13.729328489100476
2006-05-09,15610.0,60601.0,0.0
2006-05-16,17242.0,66322.0,0.0
2006-05-23,28741.0,61558.0,22.848352018882238
2006-05-30,18797.0,61867.0,8.443620219730816
2006-06-06,24680.0,53267.0,28.791199527944027
2006-06-13,37012.0,61109.0,35.09932844418219
2006-06-20,10406.0,15936.0,61.18463570204277
2006-06-27,10614.0,21734.0,53.33108544775071
2006-07-03,11331.0,24672.0,50.21073927337098
2006-07-11,10403.0,36251.0,32.63929865969822
2006-07-18,4185.0,44690.0,12.047261794374666
2006-07-25,3560.0,50202.0,3.425215656523083
2006-08-01,3493.0,57753.0,0.0
2006-08-08,4646.0,53975.0,6.457738547368972
2006-08-15,4684.0,62087.0,0.0
2006-08-22,6071.0,53113.0,13.032540471189042
2006-08-29,4827.0,55290.0,8.72944994402586
2006-09-05,4187.0,71468.0,0.0
2006-09-12,19295.0,55186.0,35.120106512715516
2006-09-19,2905.0,48997.0,23.706911019366967
2006-09-26,3532.0,44390.0,32.76052321616763
2006-10-03,7190.0,37403.0,57.893421628037736
2006-10-10,3157.0,47002.0,37.95242182312837
2006-10-17,4191.0,56534.0,24.190701365160077
2006-10-24,2506.0,72762.0,0.0
2006-10-31,2322.0,89841.0,0.0
2006-11-07,832.0,105593.0,0.0
2006-11-14,3090.0,89581.0,18.411585089337002
2006-11-21,2370.0,90452.0,16.80825548467717
2006-11-28,1602.0,103506.0,2.8791405911459123
2006-12-05,6613.0,108357.0,3.040380526246838
2006-12-12,40752.0,145481.0,0.03224798702018523
2006-12-19,3877.0,117463.0,0.0
2006-12-26,7440.0,115522.0,5.490548157015312
2007-01-03,5058.0,115664.0,3.3964758713442293
2007-01-09,26843.0,94404.0,55.20372302783875
2007-01-16,17498.0,103896.0,32.610077603060944
2007-01-23,11257.0,108961.0,19.049332517721563
2007-01-30,18993.0,98520.0,40.851354755136555
2007-02-06,23375.0,96725.0,48.26022813140945
2007-02-13,20776.0,98159.0,43.42293068499394
2007-02-20,19611.0,105158.0,33.63079174313027
2007-02-27,16207.0,118486.0,13.56194451441114
2007-03-06,49184.0,89906.0,87.3951998848548
2007-03-13,52390.0,112672.0,63.93436724119319
2007-03-20,3550.0,83267.0,40.6234632315018
2007-03-27,3580.0,100030.0,20.553416573710912
2007-04-03,4459.0,103094.0,20.519049187527447
2007-04-10,5038.0,95867.0,31.23215854194115
2007-04-17,4980.0,100022.0,25.450153711023276
2007-04-24,7331.0,101405.0,26.778656126482215
2007-05-01,6652.0,86586.0,46.1846728151076
2007-05-08,5933.0,92016.0,37.74566315327185
2007-05-15,4597.0,94056.0,33.11237373737374
2007-05-22,10057.0,71475.0,71.59639877031181
2007-05-29,10925.0,62351.0,85.30961791831358
2007-06-05,6599.0,101954.0,25.02058629776021
2007-06-12,29955.0,125734.0,24.438680281071587
2007-06-19,7354.0,95081.0,32.73853814893252
2007-06-26,4639.0,93141.0,31.629557552515596
2007-07-03,10171.0,89064.0,37.990805269912435
2007-07-10,6466.0,93890.0,24.132105203307503
2007-07-17,9972.0,97491.0,23.9777766947707
2007-07-24,9799.0,94630.0,28.344461231054144
2007-07-31,27336.0,78588.0,82.89390321165749
2007-08-07,31815.0,78037.0,91.06519161102717
2007-08-14,34581.0,75452.0,99.75794791818964
2007-08-21,51179.0,66498.0,100.0
2007-08-28,53347.0,72862.0,94.96375246051178
2007-09-04,47591.0,80156.0,79.3004945028566
2007-09-11,43498.0,84624.0,69.0251572327044
2007-09-18,2703.0,41350.0,72.00057611983293
2007-09-25,4391.0,60079.0,51.547121801334676
2007-10-02,5729.0,78473.0,28.62913248819289
2007-10-09,9052.0,76234.0,35.54188416604524
2007-10-16,7431.0,79191.0,29.85210042257022
2007-10-23,9591.0,68892.0,45.3368133233905
2007-10-30,8531.0,73210.0,38.65274670643798
2007-11-06,8185.0,75825.0,34.97265722097937
2007-11-13,15471.0,62608.0,60.45488441461596
2007-11-20,14247.0,57792.0,64.91921451652995
2007-11-27,14051.0,51273.0,72.77777777777777
2007-12-04,15645.0,49535.0,76.91896594581158
2007-12-11,17612.0,64409.0,56.987278466310485
2007-12-18,13956.0,38769.0,87.02704179932498
2007-12-24,11152.0,39267.0,82.2770083102493
2007-12-31,12940.0,43994.0,78.20637119113573
2008-01-08,12975.0,54657.0,63.486149584487535
2008-01-15,13604.0,58118.0,58.000057544021175
2008-01-22,19825.0,37258.0,96.31867653461036
2008-01-29,12657.0,42613.0,74.5111014366565
2008-02-05,5230.0,51209.0,46.60861993905094
2008-02-12,6134.0,61036.0,31.070091423595994
2008-02-19,8022.0,66708.0,25.41628247545696
2008-02-26,9311.0,65590.0,29.7680389072698
2008-03-04,6127.0,62910.0,28.856827755780948
2008-03-11,17602.0,67479.0,41.34259008153894
2008-03-18,6003.0,56149.0,40.856249209018095
2008-03-25,8883.0,58804.0,41.26303990164705
2008-04-01,10506.0,59894.0,41.180260275737666
2008-04-08,4528.0,72927.0,6.186610709223775
2008-04-15,7569.0,68620.0,14.41745477377075
2008-04-22,2567.0,81053.0,0.0
2008-04-29,7737.0,76815.0,15.409562183676478
2008-05-06,2094.0,86190.0,0.0
2008-05-13,6961.0,79352.0,17.558465715614357
2008-05-20,8600.0,89280.0,5.124281835500953
2008-05-27,8929.0,87302.0,8.584972173469541
2008-06-03,11754.0,76659.0,28.788083344583953
2008-06-10,16770.0,71084.0,44.67545715014326
2008-06-17,2769.0,40709.0,69.23780807944436
2008-06-24,3346.0,64778.0,33.99786988284356
2008-07-01,6570.0,68702.0,32.947812129667135
2008-07-08,6929.0,67189.0,35.7559665781618
2008-07-15,6361.0,82907.0,11.325622909260009
2008-07-22,10242.0,81410.0,23.87883265607684
2008-07-29,16854.0,64479.0,79.01681254874772
2008-08-05,23249.0,49210.0,100.0
2008-08-12,22932.0,43248.0,100.0
2008-08-19,26828.0,32556.0,100.0
2008-08-26,30550.0,32763.0,100.0
2008-09-02,33360.0,34324.0,100.0
2008-09-09,46263.0,45571.0,100.0
2008-09-16,28995.0,10126.0,100.0
2008-09-23,32346.0,13958.0,99.5328509687758
2008-09-30,31535.0,16665.0,96.11615597533142
2008-10-07,31447.0,23634.0,89.26237070849318
2008-10-14,27187.0,20211.0,88.44947312193464
2008-10-21,31073.0,21728.0,90.75025494099937
2008-10-28,39476.0,28466.0,92.36730927985238
2008-11-04,43866.0,36724.0,88.21987162101075
2008-11-11,45269.0,35476.0,90.88288179690403
2008-11-18,45776.0,35573.0,91.08821291211616
2008-11-25,49610.0,38403.0,91.96981606665618
2008-12-02,52581.0,40041.0,93.36687103704868
2008-12-09,46993.0,43878.0,83.48896923963737
2008-12-16,9571.0,9519.0,80.27878216213384
2008-12-22,9893.0,10733.0,79.3439186710685
2008-12-30,8691.0,12692.0,76.0310223759367
2009-01-06,10094.0,16823.0,73.17193313420321
2009-01-13,16073.0,14625.0,80.65128780390285
2009-01-20,22007.0,16344.0,80.13956146419225
2009-01-27,20406.0,17105.0,65.27325451706447
2009-02-03,24128.0,17579.0,68.55939772872273
2009-02-10,21276.0,17847.0,39.682787717790454
2009-02-17,24225.0,17757.0,51.55480896945074
2009-02-24,22636.0,17696.0,45.58559262442378
2009-03-03,23300.0,18604.0,44.63239315571529
2009-03-10,40275.0,42551.0,17.395890303929995
2009-03-17,19033.0,25625.0,0.5454473066050882
2009-03-24,18787.0,36283.0,0.0
2009-03-31,20377.0,42409.0,0.0
2009-04-07,20438.0,53130.0,0.0
2009-04-14,21739.0,56976.0,0.0
2009-04-21,23083.0,51932.0,13.370450216631433
2009-04-28,24159.0,52272.0,14.910940410657847
2009-05-05,22914.0,60432.0,0.0
2009-05-12,22705.0,64760.0,0.0
2009-05-19,23956.0,67102.0,0.0
2009-05-26,23793.0,73030.0,0.0
2009-06-02,26621.0,74542.0,2.3590148065822967
2009-06-09,43347.0,90078.0,4.4921664933854375
2009-06-16,11003.0,55571.0,8.369483382927616
2009-06-23,16269.0,57623.0,14.130785501738787
2009-06-30,22842.0,71094.0,1.765675976051339
2009-07-07,20443.0,64058.0,10.07779729681282
2009-07-14,25056.0,60259.0,25.156849388735527
2009-07-21,23493.0,77646.0,0.0
2009-07-28,23448.0,83098.0,0.0
2009-08-04,22267.0,86568.0,0.0
2009-08-11,22134.0,87447.0,0.0
2009-08-18,22789.0,83833.0,6.07660882809275
2009-08-25,23720.0,89600.0,0.0
2009-09-01,24756.0,81046.0,15.077668071190491
2009-09-08,28223.0,95497.0,0.0
2009-09-15,17506.0,88301.0,0.0
2009-09-22,19441.0,92523.0,0.0
2009-09-29,20795.0,87859.0,13.382552425003892
2009-10-06,23247.0,91476.0,10.791878849874358
2009-10-13,24838.0,99661.0,0.0
2009-10-20,27039.0,97669.0,8.976664525797474
2009-10-27,23778.0,97808.0,2.001514386673397
2009-11-03,28556.0,97718.0,14.288238263503281
2009-11-09,26289.0,93706.0,18.692579505300355
2009-11-17,30030.0,100283.0,11.534578495709237
2009-11-24,34754.0,97938.0,29.376577486118123
2009-12-01,31839.0,99362.0,18.425037859666833
2009-12-08,42746.0,105198.0,31.224129227662797
2009-12-15,22600.0,77031.0,51.46895507319535
2009-12-22,21197.0,67630.0,71.65572942958102
2009-12-29,20461.0,71294.0,60.55022715800101
2010-01-05,20892.0,83608.0,30.557799091367997
2010-01-12,23798.0,100860.0,0.0
2010-01-19,24229.0,107538.0,0.0
2010-01-26,23947.0,84010.0,63.03829048703764
2010-02-02,24041.0,69877.0,100.0
2010-02-09,31470.0,64292.0,100.0
2010-02-16,30745.0,65385.0,96.39907302870046
2010-02-23,27846.0,79853.0,62.0001188424743
2010-03-02,27975.0,92352.0,37.498762057559375
2010-03-09,29687.0,108447.0,9.010240259868878
2010-03-16,22806.0,105720.0,0.7823796224770733
2010-03-23,25514.0,116708.0,0.0
2010-03-30,28480.0,116105.0,6.114232851367094
2010-04-06,27933.0,124526.0,0.0
2010-04-13,26134.0,128840.0,0.0
2010-04-20,28159.0,129072.0,2.5656802701619825
2010-04-27,30000.0,112994.0,28.206742602026214
2010-05-04,36175.0,106918.0,45.73722168164387
2010-05-11,35575.0,91981.0,66.25264724400435
2010-05-18,36692.0,83248.0,80.34743288878714
2010-05-25,45318.0,68966.0,100.0
2010-06-01,52653.0,65964.0,100.0
2010-06-08,57197.0,69578.0,100.0
2010-06-15,10978.0,24015.0,99.27373373927485
2010-06-22,11625.0,27219.0,96.44284528092997
2010-06-29,11191.0,27689.0,95.44201494602824
2010-07-06,16180.0,26973.0,100.0
2010-07-13,11605.0,40217.0,80.61318855874578
2010-07-20,11829.0,50979.0,69.14799865089813
2010-07-27,12858.0,62833.0,57.37055693971473
2010-08-03,12383.0,71518.0,47.40461088202974
2010-08-10,19236.0,83895.0,41.39457965684941
2010-08-17,22053.0,90861.0,36.8805283256993
2010-08-24,24554.0,78900.0,52.61497285476483
2010-08-31,22236.0,74235.0,55.16847453570224
2010-09-07,30034.0,99652.0,35.99926016994332
2010-09-14,17839.0,89852.0,33.393535190887036
2010-09-21,21347.0,102218.0,23.75616071719996
2010-09-28,25090.0,111037.0,18.233546941129113
2010-10-05,24969.0,113042.0,15.920490028614015
2010-10-12,26478.0,112594.0,16.419218819351975
2010-10-19,26588.0,105534.0,11.810300207039338
2010-10-26,27672.0,100417.0,19.834368530020704
2010-11-02,26980.0,93698.0,27.633281573498966
2010-11-09,31145.0,98063.0,27.374482401656316
2010-11-16,36564.0,86694.0,49.09808488612836
2010-11-23,40091.0,83467.0,57.837732919254655
2010-11-30,41271.0,82785.0,60.24715320910973
2010-12-07,41937.0,102478.0,35.626293995859214
2010-12-14,21026.0,93149.0,20.639233954451345
2010-12-21,14331.0,93481.0,11.546325051759835
2010-12-28,13244.0,98213.0,4.01656314699793
2011-01-04,13543.0,96872.0,7.9783387430416575
2011-01-11,16020.0,90574.0,27.63321954908734
2011-01-18,17432.0,90843.0,31.491226186129428
2011-01-25,23722.0,85857.0,55.70995940634464
2011-02-01,15318.0,95573.0,16.7915977576838
2011-02-08,15829.0,106915.0,0.0
2011-02-15,17094.0,102368.0,11.724360526103446
2011-02-22,17645.0,101838.0,13.905027031388688
2011-03-01,17715.0,110206.0,0.0
2011-03-08,30380.0,125660.0,0.0
2011-03-15,12897.0,74230.0,63.1384146114645
2011-03-22,13863.0,79549.0,55.04221999032846
2011-03-29,12988.0,117432.0,0.0
2011-04-05,12397.0,122422.0,0.0
2011-04-12,15943.0,124202.0,2.5776882544408926
2011-04-19,17201.0,119299.0,11.570404752521492
2011-04-26,18141.0,117274.0,15.898176935090715
2011-05-03,18928.0,109777.0,27.989665893068267
2011-05-10,22128.0,96866.0,51.50559764125469
2011-05-17,20488.0,88124.0,61.871816204697055
2011-05-24,16551.0,84371.0,61.60324619404183
2011-05-31,12100.0,90293.0,64.32786355185515
2011-06-07,32724.0,112579.0,61.960897067280044
2011-06-14,4590.0,88017.0,54.62498973137271
2011-06-21,4847.0,72030.0,87.98570607081245
2011-06-28,6506.0,62369.0,100.0
2011-07-05,4216.0,87563.0,49.25593589601566
2011-07-12,5758.0,91748.0,44.37613086665928
2011-07-19,5153.0,101714.0,24.858757062146893
2011-07-26,7504.0,109250.0,15.285624607658505
2011-08-02,7737.0,103387.0,26.540748125992394
2011-08-09,36040.0,71987.0,100.0
2011-08-16,40131.0,67875.0,100.0
2011-08-23,38279.0,82039.0,80.53499592858618
2011-08-30,33659.0,86705.0,69.24927990666131
2011-09-06,35525.0,93889.0,62.78606239593588
2011-09-13,47077.0,89512.0,82.1453312429358
2011-09-20,16984.0,43688.0,100.0
2011-09-27,35675.0,37453.0,100.0
2011-10-04,49285.0,51991.0,99.12848301574928
2011-10-11,67682.0,67203.0,100.0
2011-10-18,64270.0,77567.0,86.52384446074835
2011-10-25,62659.0,79953.0,82.61384201516263
2011-11-01,60616.0,87073.0,73.65028124235755
2011-11-08,56781.0,87876.0,69.11323061873318
2011-11-15,58059.0,85397.0,72.78845683541208
2011-11-22,63506.0,83333.0,80.13597456590854
2011-11-29,72823.0,80564.0,91.9589141599413
2011-12-06,68285.0,99239.0,69.25116165321595
2011-12-13,70313.0,106719.0,63.91782831988261
2011-12-20,32830.0,59702.0,73.24431401320616
2011-12-27,29967.0,65001.0,65.25996576179995
2012-01-03,24729.0,73890.0,51.44044998777207
2012-01-10,20526.0,80649.0,40.717045732452924
2012-01-17,23025.0,87121.0,36.83052090975789
2012-01-24,17892.0,98364.0,15.789199929261722
2012-01-31,21327.0,109504.0,0.0
2012-02-07,18962.0,108736.0,0.0
2012-02-14,21447.0,108889.0,2.583847628333684
2012-02-21,20354.0,107822.0,2.5550397216713017
2012-02-28,20156.0,113145.0,0.0
2012-03-06,31532.0,103390.0,22.60773740745496
2012-03-13,53899.0,131001.0,16.99726109470621
2012-03-20,33030.0,88470.0,40.173107373646594
2012-03-27,27485.0,95723.0,26.48072067445543
2012-04-03,37090.0,94011.0,38.58860786579364
2012-04-10,46393.0,91475.0,56.19721283783784
2012-04-17,36524.0,94156.0,41.47545983483484
2012-04-24,40760.0,90888.0,50.278012387387385
2012-05-01,29309.0,92087.0,35.43895457957958
2012-05-08,58045.0,80412.0,82.84299924924925
2012-05-15,73951.0,72336.0,100.0
2012-05-22,90838.0,65667.0,100.0
2012-05-29,112809.0,62740.0,100.0
2012-06-05,132503.0,66629.0,100.0
2012-06-12,147022.0,86990.0,96.32261760132944
2012-06-19,74126.0,61099.0,66.73423012281022
2012-06-26,64507.0,58937.0,62.040248516016945
2012-07-03,58014.0,62192.0,55.90414382203534
2012-07-10,48365.0,61709.0,50.134392526894246
2012-07-17,50901.0,61841.0,51.64764608499147
2012-07-24,41986.0,68179.0,42.04629145867823
2012-07-31,36723.0,80453.0,31.00722005753385
2012-08-07,36362.0,98566.0,19.378332273720122
2012-08-14,34273.0,111003.0,10.234604659360581
2012-08-21,34598.0,133528.0,0.0
2012-08-28,35887.0,124144.0,6.476177762675663
2012-09-04,48115.0,116561.0,18.497123856217083
2012-09-11,76057.0,150826.0,14.660445134826825
2012-09-18,24935.0,106185.0,10.72789495400597
2012-09-25,24563.0,127147.0,0.0
2012-10-02,31880.0,107076.0,16.258058388441036
2012-10-09,55002.0,99021.0,34.76534210307614
2012-10-16,56422.0,99112.0,35.55426278360185
2012-10-23,57541.0,107131.0,31.458286338434505
2012-10-30,50708.0,113151.0,23.828491374704676
2012-11-06,42622.0,118735.0,15.713709055076043
2012-11-13,42286.0,120280.0,14.597110258936945
2012-11-20,41848.0,117417.0,16.036638212492136
2012-11-27,35680.0,126860.0,6.76963991024469
2012-12-04,36331.0,142205.0,0.0
2012-12-11,45906.0,164116.0,0.0
2012-12-18,17900.0,136599.0,0.0
2012-12-24,19778.0,114212.0,21.18825368273068
2012-12-31,19960.0,113165.0,23.658348722612498
2013-01-08,22532.0,121549.0,18.26483170779239
2013-01-15,21884.0,136456.0,4.461332237908892
2013-01-22,21291.0,141610.0,0.0
2013-01-29,23524.0,126124.0,22.82523283824344
2013-02-05,23026.0,120494.0,29.43616432003504
2013-02-12,36069.0,94218.0,80.08605031624779
2013-02-19,42837.0,90314.0,93.83349006170374
2013-02-26,56173.0,75351.0,100.0
2013-03-05,72129.0,74303.0,100.0
2013-03-12,76542.0,99853.0,82.10927250412628
2013-03-19,25584.0,89594.0,47.66092513436878
2013-03-26,25847.0,123606.0,19.095179652122393
2013-04-02,24755.0,121634.0,19.840027085361207
2013-04-09,29723.0,122755.0,23.09619535316772
2013-04-16,38235.0,100187.0,49.40285242710229
2013-04-23,50852.0,80562.0,76.6930466799272
2013-04-30,48629.0,82312.0,73.3302298023615
2013-05-07,66399.0,71760.0,97.3024673071226
2013-05-14,104366.0,75058.0,100.0
2013-05-21,132194.0,75077.0,100.0
2013-05-28,143864.0,76670.0,100.0
2013-06-04,158435.0,72242.0,100.0
2013-06-11,186973.0,98769.0,100.0
2013-06-18,136873.0,45973.0,100.0
2013-06-25,136052.0,46924.0,99.16106032127792
2013-07-02,143118.0,48410.0,100.0
2013-07-09,140827.0,51477.0,97.5082198979663
2013-07-16,149150.0,54708.0,99.87629460486357
2013-07-23,148171.0,66995.0,93.14168710848014
2013-07-30,159310.0,65429.0,99.5703159502668
2013-08-06,167002.0,64766.0,100.0
2013-08-13,154583.0,71806.0,90.27025675641892
2013-08-20,154651.0,72102.0,90.15625390634766
2013-08-27,155509.0,65258.0,94.0073501837546
2013-09-03,156076.0,67702.0,93.06882672066801
2013-09-10,144695.0,69955.0,86.25165629140729
2013-09-17,82504.0,43563.0,68.35170879271982
2013-09-24,87537.0,45396.0,69.8189488486553
2013-10-01,77577.0,44014.0,64.83141118872524
2013-10-08,79356.0,46187.0,57.93419738348722
2013-10-15,83389.0,47141.0,51.45049625144387
2013-10-22,77484.0,53324.0,42.55696407419125
2013-10-29,76692.0,55730.0,24.46443674080132
2013-11-05,82474.0,54547.0,8.569776312227773
2013-11-12,95507.0,52230.0,27.45650515540025
2013-11-19,97955.0,53477.0,28.93422250658267
2013-11-26,74587.0,29744.0,29.383320619140193
2013-12-03,83514.0,22978.0,48.69207864753796
2013-12-10,87997.0,24318.0,52.55924403868396
2013-12-17,80950.0,14183.0,56.35873711149937
2013-12-24,86022.0,13901.0,62.94632969953491
2013-12-31,87910.0,13836.0,65.3493122031646
2014-01-07,88807.0,15605.0,64.27639835617786
2014-01-14,81673.0,15682.0,55.4039422201442
2014-01-21,103859.0,16090.0,82.19971946748038
2014-01-28,105951.0,17466.0,83.08069001156582
2014-02-04,96114.0,20634.0,78.6820418825499
2014-02-11,82610.0,17864.0,63.190405403455095
2014-02-18,75006.0,15831.0,55.15016813635642
2014-02-25,70170.0,15302.0,50.214001155161945
2014-03-04,75194.0,18834.0,52.42361861884099
2014-03-11,78468.0,23125.0,50.917465160019546
2014-03-18,38976.0,8343.0,14.322527138900819
2014-03-25,37246.0,11211.0,7.512995571879212
2014-04-01,33879.0,27761.0,0.0
2014-04-08,32547.0,34651.0,0.0
2014-04-15,31472.0,38399.0,0.0
2014-04-22,29077.0,49057.0,0.0
2014-04-29,32067.0,45391.0,6.136541741575623
2014-05-06,31455.0,44038.0,6.819711427649472
2014-05-13,29362.0,49780.0,0.0
2014-05-20,30015.0,49714.0,0.6602205632535375
2014-05-27,30206.0,46843.0,3.471897009265126
2014-06-03,28982.0,51238.0,0.0
2014-06-10,30183.0,64362.0,0.0
2014-06-17,5813.0,42821.0,0.0
2014-06-24,4093.0,46032.0,0.0
2014-07-01,5394.0,54499.0,0.0
2014-07-08,5583.0,48218.0,4.7023766262083
2014-07-15,5880.0,49630.0,3.8919979649683842
2014-07-22,6628.0,53708.0,1.4717639363325823
2014-07-29,8752.0,54732.0,2.508327647790665
2014-08-05,12264.0,47016.0,12.606828222852675
2014-08-12,15869.0,45316.0,18.15478389360916
2014-08-19,10373.0,49554.0,9.409756791352581
2014-08-26,10080.0,54684.0,4.267766557625753
2014-09-02,11239.0,62297.0,0.0
2014-09-09,28598.0,70600.0,11.085676512712539
2014-09-16,23154.0,34741.0,51.199200965068165
2014-09-23,37349.0,36787.0,90.28263607107877
2014-09-30,55299.0,38251.0,100.0
2014-10-07,79551.0,34444.0,100.0
2014-10-14,82846.0,35626.0,100.0
2014-10-21,83989.0,35215.0,100.0
2014-10-28,83133.0,37105.0,97.24937895664716
2014-11-04,89948.0,34288.0,100.0
2014-11-11,93580.0,34902.0,100.0
2014-11-18,90530.0,35291.0,96.86611503973172
2014-11-25,95111.0,35965.0,100.0
2014-12-02,99125.0,40356.0,99.6579071540053
2014-12-09,119036.0,53756.0,100.0
2014-12-16,75012.0,18777.0,92.22524024824219
2014-12-23,77548.0,16227.0,96.5969846481803
2014-12-30,79561.0,16391.0,98.1863191734429
2015-01-06,88621.0,16452.0,100.0
2015-01-13,86541.0,17697.0,97.30172770577876
2015-01-20,85490.0,15042.0,98.60339049072037
2015-01-27,95365.0,16824.0,100.0
2015-02-03,103126.0,17340.0,100.0
2015-02-10,98421.0,15694.0,97.7646078746602
2015-02-17,98952.0,16458.0,97.59434100143228
2015-02-24,109289.0,17810.0,100.0
2015-03-03,103821.0,18659.0,95.26749125343682
2015-03-10,130799.0,23082.0,100.0
2015-03-17,75365.0,19252.0,51.841724604544815
2015-03-24,68957.0,18636.0,36.69721735102406
2015-03-31,66179.0,20286.0,1.2553905126976521
2015-04-07,89081.0,21243.0,35.49592391304348
2015-04-14,92927.0,21531.0,41.25097049689441
2015-04-21,83040.0,23795.0,21.59679089026915
2015-04-28,67196.0,22618.0,0.0
2015-05-05,57213.0,44377.0,0.0
2015-05-12,58529.0,48204.0,0.0
2015-05-19,57688.0,53630.0,0.0
2015-05-26,62234.0,50336.0,7.563260305424517
2015-06-02,76618.0,43107.0,28.413355328529118
2015-06-09,75985.0,41975.0,28.894741411744278
2015-06-16,39468.0,19755.0,15.102403071609798
2015-06-23,44097.0,19622.0,19.696311945899534
2015-06-30,48384.0,19641.0,23.813658244821966
2015-07-07,64045.0,16480.0,41.971271187258225
2015-07-14,78477.0,18376.0,54.06477006338089
2015-07-21,93305.0,22394.0,64.4931940304267
2015-07-28,104328.0,22358.0,75.16182868829527
2015-08-04,104143.0,22692.0,74.66114857368873
2015-08-11,101106.0,22371.0,72.04101911073809
2015-08-18,99128.0,22350.0,70.15309813909067
2015-08-25,113985.0,24746.0,82.17424439749564
2015-09-01,108502.0,25707.0,75.95770748319008
2015-09-08,117383.0,32699.0,94.65256336506968
2015-09-15,84540.0,18072.0,73.26751270823306
2015-09-22,89836.0,13865.0,84.4237564715136
2015-09-29,83537.0,13958.0,76.91973562179359
2015-10-06,83503.0,20718.0,68.94377854216316
2015-10-13,82260.0,34533.0,51.26612742278208
2015-10-20,80919.0,30283.0,54.68120825066623
2015-10-27,80227.0,31082.0,52.93081790540144
2015-11-03,84261.0,24766.0,65.08141486951315
2015-11-10,95178.0,14992.0,89.37204306124605
2015-11-17,103191.0,14327.0,99.51513427548132
2015-11-24,90627.0,15600.0,79.55872623191324
2015-12-01,86462.0,26968.0,57.2174438339614
2015-12-08,88170.0,44052.0,35.10197623910479
2015-12-15,31733.0,10352.0,0.0
2015-12-22,43043.0,9475.0,17.959562616051166
2015-12-29,37489.0,9384.0,9.908927466179374
2016-01-05,35972.0,9916.0,6.889386660379027
2016-01-12,57436.0,10835.0,37.16584632615167
2016-01-19,72319.0,12417.0,56.76707241592738
2016-01-26,62404.0,11530.0,43.46281941701789
2016-02-02,53282.0,11652.0,29.840254649414955
2016-02-09,31378.0,16899.0,0.0
2016-02-16,26421.0,21113.0,0.0
2016-02-23,25907.0,30500.0,0.0
2016-03-01,26825.0,37442.0,0.0
2016-03-08,25233.0,58592.0,0.0
2016-03-15,7917.0,30785.0,8.583490832331067
2016-03-22,10603.0,42084.0,1.5365356765911489
2016-03-29,10620.0,46385.0,0.0
2016-04-05,11143.0,48378.0,0.0
2016-04-12,11242.0,56356.0,0.0
2016-04-19,12161.0,65712.0,0.0
2016-04-26,13416.0,81886.0,0.0
2016-05-03,14397.0,72974.0,6.287897085181842
2016-05-10,16516.0,59234.0,16.367727255392985
2016-05-17,15864.0,41952.0,29.535112232311477
2016-05-24,36381.0,36986.0,52.86588975789113
2016-05-31,44974.0,36356.0,60.050478297448045
2016-06-07,53952.0,34470.0,68.51338298071231
2016-06-14,15871.0,6253.0,60.82946436917708
2016-06-21,16500.0,10357.0,58.12248776991867
2016-06-28,13173.0,15088.0,51.84541800392609
2016-07-05,12741.0,21702.0,46.35668214252329
2016-07-12,12635.0,36784.0,34.52544168510267
2016-07-19,12042.0,46274.0,28.688497117576084
2016-07-26,11171.0,44998.0,31.46503178928247
2016-08-02,10162.0,46366.0,36.685919592505
2016-08-09,10178.0,52574.0,29.645715845006368
2016-08-16,9177.0,60033.0,20.026832817900672
2016-08-23,10509.0,60498.0,21.012597780607603
2016-08-30,9540.0,56601.0,24.34168637438603
2016-09-06,9551.0,53119.0,28.313170820447517
2016-09-13,17950.0,55832.0,34.778060760414775
2016-09-20,13293.0,22527.0,67.35037293068947
2016-09-27,8205.0,26374.0,57.19142259414226
2016-10-04,8085.0,36206.0,45.876159723485536
2016-10-11,9760.0,42144.0,41.02919774422412
2016-10-18,10866.0,48481.0,35.08163543751137
2016-10-25,10276.0,50447.0,23.579600046118962
2016-11-01,8723.0,55432.0,5.895817339133896
2016-11-08,11276.0,61026.0,1.5724075179845887
2016-11-15,8814.0,54377.0,7.525093121783389
2016-11-22,12131.0,39400.0,33.533793966277116
2016-11-29,13591.0,30888.0,47.711052347237626
2016-12-06,12291.0,32094.0,51.34934021232265
2016-12-13,19670.0,35495.0,61.458972964437976
2016-12-20,16673.0,13912.0,100.0
2016-12-27,28548.0,19310.0,100.0
2017-01-03,35945.0,21753.0,100.0
2017-01-10,37011.0,20968.0,100.0
2017-01-17,24813.0,21441.0,81.05950761595838
2017-01-24,15346.0,24539.0,62.27746304130107
2017-01-31,14533.0,30063.0,52.8049746632984
2017-02-07,17178.0,42613.0,37.99907322979417
2017-02-14,16536.0,49043.0,26.475042403683062
2017-02-21,16605.0,58241.0,12.332618971623122
2017-02-28,14049.0,72110.0,0.0
2017-03-07,28980.0,84354.0,3.6259851020187845
2017-03-14,11853.0,57341.0,16.966695455036167
2017-03-21,12908.0,68591.0,3.2090035625607256
2017-03-28,12750.0,70972.0,0.0
2017-04-04,17082.0,72342.0,3.9884198478421866
2017-04-11,16850.0,65296.0,13.163670638928163
2017-04-18,15228.0,61661.0,15.874234161448866
2017-04-25,18109.0,59978.0,22.019793981013937
2017-05-02,17149.0,57787.0,23.677371574766042
2017-05-09,38654.0,54711.0,56.77640880630176
2017-05-16,63428.0,54442.0,90.49754258398977
2017-05-23,64102.0,55587.0,89.86332727395138
2017-05-30,63520.0,56238.0,88.20305662155793
2017-06-06,68531.0,60312.0,89.46475459503131
2017-06-13,65992.0,59467.0,87.18373392580624
2017-06-20,12348.0,26545.0,59.28095334275904
2017-06-27,12980.0,33431.0,50.8597589712516
2017-07-03,12063.0,50973.0,26.004174240894095
2017-07-11,11922.0,53888.0,24.187596714676825
2017-07-18,11175.0,73624.0,0.0
2017-07-25,11844.0,83053.0,0.0
2017-08-01,13319.0,92907.0,0.0
2017-08-08,16430.0,91905.0,4.643574863955562
2017-08-15,17160.0,94625.0,2.396865897441687
2017-08-22,19484.0,95356.0,4.195362070133448
2017-08-29,20088.0,101502.0,0.0
2017-09-05,22559.0,105748.0,0.0
2017-09-12,31939.0,115192.0,0.0
2017-09-19,18702.0,105724.0,0.0
2017-09-26,14921.0,104186.0,0.0
2017-10-03,14774.0,96957.0,7.208069129067389
2017-10-10,12358.0,91755.0,10.043663677723382
2017-10-17,11903.0,86204.0,15.23037933456148
2017-10-24,13359.0,82097.0,20.892408219763666
2017-10-31,18420.0,70863.0,37.47748114523007
2017-11-07,21027.0,67161.0,43.89878983420016
2017-11-14,23527.0,68430.0,45.369196154632846
2017-11-21,27595.0,64409.0,53.804726929547414
2017-11-28,29788.0,64787.0,55.6665709244594
2017-12-05,29503.0,62576.0,58.66165570518843
2017-12-12,37288.0,65974.0,80.69883305802739
2017-12-19,46343.0,26026.0,100.0
2017-12-26,46400.0,31394.0,95.15340110602106
2018-01-02,46978.0,31445.0,95.6343195050282
2018-01-09,37398.0,50367.0,69.62457337883959
2018-01-16,41865.0,58561.0,66.22346735777774
2018-01-23,40162.0,68262.0,55.81664871968024
2018-01-30,38325.0,62688.0,59.22688032706101
2018-02-06,34538.0,60302.0,57.94838568378018
2018-02-13,32965.0,48963.0,66.86043328283843
2018-02-20,32814.0,50246.0,65.55182420470516
2018-02-27,32477.0,45598.0,69.485864466792
2018-03-06,28372.0,33366.0,76.90222846817908
2018-03-13,34070.0,37221.0,78.58407402675621
2018-03-20,18312.0,32262.0,68.72935336095344
2018-03-27,29055.0,32096.0,77.21170731707318
2018-04-03,36814.0,31908.0,84.54479812263072
2018-04-10,40843.0,32907.0,86.9147519499461
2018-04-17,41794.0,32133.0,88.03436078827691
2018-04-24,49598.0,34595.0,92.69653655854866
2018-05-01,56868.0,35939.0,100.0
2018-05-08,71721.0,38213.0,100.0
2018-05-15,79458.0,35162.0,100.0
2018-05-22,73776.0,30864.0,98.2546188284255
2018-05-29,73856.0,32534.0,96.15608318577208
2018-06-05,70654.0,34052.0,89.45767449508098
2018-06-12,65457.0,36391.0,78.96292612851539
2018-06-19,81295.0,20747.0,100.0
2018-06-26,83884.0,21126.0,100.0
2018-07-03,85361.0,22815.0,99.76666886790376
2018-07-10,85184.0,22304.0,100.0
2018-07-17,84062.0,22798.0,98.22378544735106
2018-07-24,91104.0,26089.0,100.0
2018-07-31,95089.0,23942.0,100.0
2018-08-07,99840.0,23223.0,100.0
2018-08-14,101102.0,25328.0,99.10365873108698
2018-08-21,100385.0,24192.0,99.53183830755131
2018-08-28,95798.0,29591.0,88.50574712643679
2018-09-04,102691.0,34877.0,90.2801241070147
2018-09-11,101451.0,34606.0,89.21019797497985
2018-09-18,115478.0,21693.0,100.0
2018-09-25,114724.0,21213.0,99.691715703372
2018-10-02,112337.0,22090.0,95.87881046954537
2018-10-09,118989.0,25120.0,100.0
2018-10-16,114572.0,21667.0,98.77767352217685
2018-10-23,112791.0,22859.0,94.60241294214423
2018-10-30,118814.0,25412.0,99.27935435087882
2018-11-06,107738.0,23914.0,84.49917442093731
2018-11-13,102833.0,26861.0,72.38245142971776
2018-11-20,100111.0,30275.0,62.9137539928707
2018-11-27,100080.0,32098.0,60.05277533447526
2018-12-04,104601.0,43770.0,49.01779238615496
2018-12-11,101796.0,46175.0,0.0
2018-12-18,70380.0,22177.0,0.0
2018-12-24,68742.0,25759.0,0.0
2018-12-31,69453.0,26535.0,0.0
2019-01-08,81875.0,26573.0,24.305705481737355
2019-01-15,81689.0,28771.0,19.62670016290161
2019-01-22,79775.0,30002.0,13.454102961669054
2019-01-29,78875.0,33327.0,5.161822142843124
2019-02-05,74270.0,32277.0,0.0
2019-02-12,83336.0,36107.0,10.093299406276506
2019-02-19,84466.0,34301.0,15.7529493407356
2019-02-26,87345.0,36941.0,16.213663351067932
2019-03-05,93097.0,37291.0,26.62695658878865
2019-03-12,106757.0,47379.0,33.51260698588943
2019-03-19,92717.0,27589.0,44.59673066543296
2019-03-26,94623.0,24403.0,54.412445061300026
2019-04-02,95264.0,25653.0,53.23849178811011
2019-04-09,93894.0,25128.0,52.07842984691396
2019-04-16,88873.0,26403.0,39.83154700538816
2019-04-23,89802.0,21781.0,50.62926724892529
2019-04-30,104455.0,25158.0,89.17788243168941
2019-05-07,102979.0,26196.0,93.26077632425478
2019-05-14,104319.0,27412.0,93.593180355994
2019-05-21,109635.0,30466.0,99.65687325755951
2019-05-28,110339.0,29753.0,100.0
2019-06-04,104571.0,26179.0,94.31503122327884
2019-06-11,128190.0,53894.0,83.7017075635478
2019-06-18,103974.0,24195.0,97.90894721840748
2019-06-25,104222.0,26423.0,92.77848314461171
2019-07-02,98007.0,29627.0,68.37250278547923
2019-07-09,96527.0,31911.0,58.61943875832405
2019-07-16,97244.0,37725.0,45.41238048350737
2019-07-23,90564.0,37275.0,29.269556655352005
2019-07-30,94555.0,34339.0,47.21840748322234
2019-08-06,101373.0,37743.0,49.1680906556345
2019-08-13,107151.0,33598.0,76.88110187041846
2019-08-20,106719.0,32822.0,77.83778410973427
2019-08-27,102382.0,29039.0,73.46594863904458
2019-09-03,107251.0,39293.0,53.73850606293732
2019-09-10,106088.0,45529.0,26.632963329303585
2019-09-17,76139.0,27646.0,0.0
2019-09-24,85567.0,29798.0,22.671610631601908
2019-10-01,92776.0,31137.0,40.96220359579971
2019-10-08,93277.0,37433.0,22.90530645312062
2019-10-15,90704.0,35866.0,19.77066650048297
2019-10-22,87692.0,37098.0,6.546598946810831
